8/19/2017, 9:00:00 AM;ETHUSDT;S;0;0;0;289.02;294.9940089234817
8/20/2017, 9:30:00 PM;ETHUSDT;L;0;0;0;296.19;311.1283765032492
8/22/2017, 6:00:00 AM;ETHUSDT;S;0;0;0;144.21;165.8415
8/22/2017, 4:00:00 PM;ETHUSDT;L;0;0;0;307.08;348.4080110316491
9/2/2017, 4:00:00 AM;ETHUSDT;S;0;0;0;385.8;352.07615616388665
9/6/2017, 11:30:00 AM;ETHUSDT;L;0;0;0;329.99;324.9053531789991
9/8/2017, 3:30:00 PM;ETHUSDT;S;0;0;0;317.04;301.92250895835775
9/10/2017, 6:30:00 PM;ETHUSDT;L;0;0;0;285.64;302.2510258168947
9/12/2017, 9:00:00 PM;ETHUSDT;S;0;0;0;288.23;280.1282490206704
9/15/2017, 5:00:00 PM;ETHUSDT;L;0;0;0;270;237.33483185468972
9/16/2017, 1:00:00 PM;ETHUSDT;S;0;0;0;241;258.6889052758645
9/17/2017, 6:30:00 PM;ETHUSDT;L;0;0;0;256.27;293.21369937778263
9/20/2017, 7:00:00 AM;ETHUSDT;S;0;0;0;277.01;286.8569127482452
9/20/2017, 10:30:00 AM;ETHUSDT;L;0;0;0;286;285.29135357797213
9/21/2017, 2:00:00 AM;ETHUSDT;S;0;0;0;285.1;270.8750365053295
9/23/2017, 7:00:00 PM;ETHUSDT;L;0;0;0;281;276.7186371971007
9/26/2017, 8:00:00 AM;ETHUSDT;S;0;0;0;287.94;296.1989080786953
9/27/2017, 12:30:00 PM;ETHUSDT;L;0;0;0;295.59;298.00997830892635
9/29/2017, 5:00:00 AM;ETHUSDT;S;0;0;0;284.55;298.0393087384449
9/29/2017, 2:30:00 PM;ETHUSDT;L;0;0;0;298.47;298.6716536806306
10/1/2017, 4:00:00 PM;ETHUSDT;S;0;0;0;296.73;296.4772563907459
10/5/2017, 3:30:00 PM;ETHUSDT;L;0;0;0;293.29;304.5539100041486
10/9/2017, 6:30:00 AM;ETHUSDT;S;0;0;0;303.53;300.7393124633042
10/11/2017, 8:30:00 AM;ETHUSDT;L;0;0;0;303.8;348.11834781222467
10/15/2017, 11:30:00 AM;ETHUSDT;S;0;0;0;326.07;336.7910679680837
10/16/2017, 1:30:00 AM;ETHUSDT;L;0;0;0;336;335.03343056804783
10/16/2017, 9:30:00 PM;ETHUSDT;S;0;0;0;334.13;305.8783036468096
10/20/2017, 7:00:00 AM;ETHUSDT;L;0;0;0;308.28;297.1719140737858
10/21/2017, 6:00:00 AM;ETHUSDT;S;0;0;0;298;301.3696235892997
10/24/2017, 4:00:00 AM;ETHUSDT;L;0;0;0;302.98;297.0089030118712
10/25/2017, 3:30:00 AM;ETHUSDT;S;0;0;0;290.01;296.4336792946181
10/25/2017, 10:30:00 PM;ETHUSDT;L;0;0;0;295.92;292.0433766308335
10/26/2017, 9:30:00 PM;ETHUSDT;S;0;0;0;293.37;294.7636433555974
10/28/2017, 2:00:00 AM;ETHUSDT;L;0;0;0;296.14;291.43517895360753
10/28/2017, 2:30:00 PM;ETHUSDT;S;0;0;0;292.02;298.4471031892844
10/29/2017, 10:00:00 AM;ETHUSDT;L;0;0;0;298.69;306.28453306802714
10/31/2017, 4:00:00 PM;ETHUSDT;S;0;0;0;304.66;290.59693588390695
11/3/2017, 8:00:00 PM;ETHUSDT;L;0;0;0;295.75;297.52554379742116
11/5/2017, 4:30:00 PM;ETHUSDT;S;0;0;0;295.76;301.89617754641324
11/6/2017, 2:30:00 PM;ETHUSDT;L;0;0;0;302.27;291.6438925257867
11/7/2017, 2:30:00 PM;ETHUSDT;S;0;0;0;291.07;296.17085573174694
11/8/2017, 6:30:00 AM;ETHUSDT;L;0;0;0;296.51;317.24682766384376
11/10/2017, 6:30:00 PM;ETHUSDT;S;0;0;0;298.49;301.7160257470566
11/12/2017, 4:00:00 PM;ETHUSDT;L;0;0;0;302.06;326.5862301387104
11/16/2017, 10:30:00 AM;ETHUSDT;S;0;0;0;323.68;333.27017728822307
11/16/2017, 6:00:00 PM;ETHUSDT;L;0;0;0;334.33;364.6648497313711
11/21/2017, 10:30:00 AM;ETHUSDT;S;0;0;0;365.43;370.45897515746555
11/22/2017, 10:00:00 PM;ETHUSDT;L;0;0;0;370.55;396.0249612161475
11/26/2017, 6:30:00 PM;ETHUSDT;S;0;0;0;450.23;468.3659031936042
11/27/2017, 1:30:00 AM;ETHUSDT;L;0;0;0;469.13;457.68727196167225
11/27/2017, 11:00:00 AM;ETHUSDT;S;0;0;0;459.91;474.33005952825505
11/28/2017, 10:30:00 PM;ETHUSDT;L;0;0;0;471.08;464.6859747491769
11/29/2017, 8:00:00 PM;ETHUSDT;S;0;0;0;460.88;432.28856260608956
12/1/2017, 10:00:00 PM;ETHUSDT;L;0;0;0;461.9;461.4038737984715
12/3/2017, 11:00:00 PM;ETHUSDT;S;0;0;0;453.14;467.72451278918487
12/5/2017, 4:00:00 AM;ETHUSDT;L;0;0;0;464.48;446.8701029488532
12/5/2017, 6:00:00 PM;ETHUSDT;S;0;0;0;451.49;430.0585952346421
12/8/2017, 2:30:00 PM;ETHUSDT;L;0;0;0;442.04;433.2627515513703
12/10/2017, 1:30:00 PM;ETHUSDT;S;0;0;0;428.5;460.2099641555535
12/11/2017, 7:30:00 AM;ETHUSDT;L;0;0;0;461.13;665.6770533558105
12/15/2017, 3:30:00 AM;ETHUSDT;S;0;0;0;620;673.0274305599057
12/15/2017, 3:00:00 PM;ETHUSDT;L;0;0;0;670.69;673.4251866270793
12/16/2017, 5:00:00 PM;ETHUSDT;S;0;0;0;673.4;703.9483560642686
12/17/2017, 2:30:00 AM;ETHUSDT;L;0;0;0;705.31;688.7411237690793
12/18/2017, 2:30:00 AM;ETHUSDT;S;0;0;0;649.2;706.7610901194578
12/18/2017, 4:30:00 AM;ETHUSDT;L;0;0;0;707.56;769.5767895016522
12/20/2017, 2:30:00 AM;ETHUSDT;S;0;0;0;695;799.25
12/20/2017, 8:30:00 AM;ETHUSDT;L;0;0;0;769.15;785.0227827891805
12/21/2017, 4:00:00 PM;ETHUSDT;S;0;0;0;772.01;685.1123622449728
12/24/2017, 9:30:00 PM;ETHUSDT;L;0;0;0;624.36;744.773623515124
12/27/2017, 4:00:00 PM;ETHUSDT;S;0;0;0;734.22;710.8769678907128
12/29/2017, 5:30:00 PM;ETHUSDT;L;0;0;0;755.7;707.5726684837255
12/30/2017, 3:00:00 AM;ETHUSDT;S;0;0;0;710;705.9484642232225
12/31/2017, 2:00:00 PM;ETHUSDT;L;0;0;0;713.99;867.634737759993
1/6/2018, 8:00:00 PM;ETHUSDT;S;0;0;0;993.24;1051.6632006981076
1/7/2018, 5:00:00 AM;ETHUSDT;L;0;0;0;1058.99;1111.1053523103037
1/8/2018, 4:00:00 PM;ETHUSDT;S;0;0;0;970.12;1115.638
1/8/2018, 8:30:00 PM;ETHUSDT;L;0;0;0;1155.97;1237.5589685737714
1/11/2018, 5:00:00 AM;ETHUSDT;S;0;0;0;1160.17;1230.4437489604297
1/11/2018, 4:30:00 PM;ETHUSDT;L;0;0;0;1238;1096.5156803116322
1/12/2018, 12:30:00 AM;ETHUSDT;S;0;0;0;1122.93;1221.8045774657162
1/12/2018, 2:00:00 PM;ETHUSDT;L;0;0;0;1275.59;1324.9146084427127
1/14/2018, 4:30:00 PM;ETHUSDT;S;0;0;0;1235.97;1343.0840251766222
1/15/2018, 12:30:00 AM;ETHUSDT;L;0;0;0;1349.73;1273.2069609759608
1/15/2018, 1:00:00 PM;ETHUSDT;S;0;0;0;1293.46;1022.0404034777102
1/19/2018, 7:00:00 PM;ETHUSDT;L;0;0;0;1028.03;1095.5922240162033
1/21/2018, 5:00:00 PM;ETHUSDT;S;0;0;0;1045.41;1085.2351084512727
1/24/2018, 3:30:00 PM;ETHUSDT;L;0;0;0;1072.01;1043.3826501266583
1/27/2018, 2:30:00 AM;ETHUSDT;S;0;0;0;1040.3;1086.3347841548514
1/27/2018, 5:00:00 PM;ETHUSDT;L;0;0;0;1095;1185.9330255919056
1/30/2018, 8:30:00 AM;ETHUSDT;S;0;0;0;1164;1127.4779734691585
2/1/2018, 6:00:00 AM;ETHUSDT;L;0;0;0;1152.51;1094.3785101378735
2/1/2018, 11:00:00 AM;ETHUSDT;S;0;0;0;1100.16;941.9515688189178
2/7/2018, 11:30:00 AM;ETHUSDT;L;0;0;0;827.97;749.9109316718647
2/10/2018, 10:58:14 PM;ETHUSDT;S;0;0;0;819.7;848.5941556909809
2/11/2018, 4:00:00 PM;ETHUSDT;L;0;0;0;850.01;833.9132055323231
2/13/2018, 6:00:00 PM;ETHUSDT;S;0;0;0;841;863.6482448712952
2/14/2018, 6:00:00 AM;ETHUSDT;L;0;0;0;862;899.9763981721894
2/18/2018, 6:30:00 AM;ETHUSDT;S;0;0;0;931.04;948.1010066011792
2/18/2018, 4:30:00 PM;ETHUSDT;L;0;0;0;944.89;930.3905871925117
2/20/2018, 7:00:00 PM;ETHUSDT;S;0;0;0;931.58;861.3528743965333
2/23/2018, 6:30:00 PM;ETHUSDT;L;0;0;0;840.05;823.8872048469797
2/24/2018, 11:30:00 AM;ETHUSDT;S;0;0;0;826.98;845.7025829459709
2/25/2018, 7:30:00 AM;ETHUSDT;L;0;0;0;847.01;862.9728319764738
2/28/2018, 2:00:00 PM;ETHUSDT;S;0;0;0;859.58;874.6546914602931
3/1/2018, 7:00:00 PM;ETHUSDT;L;0;0;0;875;858.7232861456711
3/2/2018, 12:30:00 PM;ETHUSDT;S;0;0;0;859.28;870.2826757040556
3/3/2018, 4:00:00 AM;ETHUSDT;L;0;0;0;866.5;853.479457013117
3/3/2018, 10:00:00 PM;ETHUSDT;S;0;0;0;856.95;858.1159550784921
3/4/2018, 5:30:00 PM;ETHUSDT;L;0;0;0;859.8;855.8543160295558
3/5/2018, 7:30:00 PM;ETHUSDT;S;0;0;0;857.9;743.1230281123558
3/10/2018, 7:00:00 AM;ETHUSDT;L;0;0;0;734.03;706.7452959530524
3/10/2018, 7:30:00 PM;ETHUSDT;S;0;0;0;705.48;701.2913649614809
3/11/2018, 1:00:00 PM;ETHUSDT;L;0;0;0;705.13;706.6649194400776
3/12/2018, 3:30:00 PM;ETHUSDT;S;0;0;0;704.97;590.6820471330694
3/17/2018, 11:00:00 AM;ETHUSDT;L;0;0;0;605.33;582.0977668591885
3/17/2018, 3:00:00 PM;ETHUSDT;S;0;0;0;583.37;525.6987093395492
3/20/2018, 1:00:00 AM;ETHUSDT;L;0;0;0;556.88;520.6435404537151
3/20/2018, 10:00:00 AM;ETHUSDT;S;0;0;0;519.27;553.3751221842375
3/20/2018, 7:00:00 PM;ETHUSDT;L;0;0;0;556;558.8351206401784
3/22/2018, 3:00:00 PM;ETHUSDT;S;0;0;0;529;531.9450598559632
3/24/2018, 5:00:00 PM;ETHUSDT;L;0;0;0;539.46;517.1944767356208
3/25/2018, 1:30:00 AM;ETHUSDT;S;0;0;0;518.8;535.0375590753545
3/26/2018, 12:30:00 AM;ETHUSDT;L;0;0;0;535.37;518.02308220575
3/26/2018, 9:30:00 AM;ETHUSDT;S;0;0;0;516.52;447.2011863954365
3/31/2018, 6:30:00 PM;ETHUSDT;L;0;0;0;405.99;390.27865287842155
4/1/2018, 9:30:00 AM;ETHUSDT;S;0;0;0;379.61;385.4669288445928
4/1/2018, 9:30:00 PM;ETHUSDT;L;0;0;0;383.85;376.605693020553
4/2/2018, 10:30:00 PM;ETHUSDT;S;0;0;0;378.52;396.1545232562672
4/3/2018, 7:00:00 AM;ETHUSDT;L;0;0;0;397.61;399.5133569517633
4/4/2018, 12:30:00 PM;ETHUSDT;S;0;0;0;388.55;384.0731509287178
4/7/2018, 4:00:00 AM;ETHUSDT;L;0;0;0;378.35;427.20038882930555
4/10/2018, 4:00:00 PM;ETHUSDT;S;0;0;0;399;411.6616638770172
4/10/2018, 8:30:00 PM;ETHUSDT;L;0;0;0;410.24;420.51010676769266
4/16/2018, 8:00:00 AM;ETHUSDT;S;0;0;0;506.86;515.9674810224492
4/17/2018, 10:30:00 AM;ETHUSDT;L;0;0;0;515.34;501.8655048374754
4/17/2018, 9:30:00 PM;ETHUSDT;S;0;0;0;502;515.849051385522
4/18/2018, 1:30:00 PM;ETHUSDT;L;0;0;0;515.89;585.6755686966945
4/25/2018, 7:00:00 AM;ETHUSDT;S;0;0;0;632.47;648.2985800293998
4/26/2018, 12:00:00 AM;ETHUSDT;L;0;0;0;648.39;654.2323393139454
4/28/2018, 2:00:00 AM;ETHUSDT;S;0;0;0;643.41;672.079784404183
4/28/2018, 8:30:00 AM;ETHUSDT;L;0;0;0;671.23;673.2551317700223
4/29/2018, 2:00:00 PM;ETHUSDT;S;0;0;0;675.07;694.6434953584721
4/30/2018, 5:00:00 AM;ETHUSDT;L;0;0;0;693.5;671.3107309937578
4/30/2018, 11:30:00 PM;ETHUSDT;S;0;0;0;669.63;665.0368811960711
5/2/2018, 8:00:00 AM;ETHUSDT;L;0;0;0;678.5;784.1863630769185
5/6/2018, 11:00:00 AM;ETHUSDT;S;0;0;0;780.02;755.0307629689268
5/9/2018, 1:30:00 PM;ETHUSDT;L;0;0;0;745;742.5923605225333
5/10/2018, 9:30:00 PM;ETHUSDT;S;0;0;0;738.93;682.3347854734493
5/13/2018, 12:00:00 PM;ETHUSDT;L;0;0;0;698.5;694.7551586588527
5/15/2018, 8:00:00 PM;ETHUSDT;S;0;0;0;716.94;709.5579451482945
5/16/2018, 2:30:00 PM;ETHUSDT;L;0;0;0;704.38;692.3986901712257
5/17/2018, 7:00:00 PM;ETHUSDT;S;0;0;0;698.89;685.2499702133862
5/19/2018, 2:00:00 PM;ETHUSDT;L;0;0;0;709.16;690.3923892157172
5/21/2018, 4:00:00 PM;ETHUSDT;S;0;0;0;707.72;600.4764680464189
5/26/2018, 10:30:00 AM;ETHUSDT;L;0;0;0;602.24;582.1273645405431
5/27/2018, 1:00:00 AM;ETHUSDT;S;0;0;0;584.51;575.0823665467273
5/29/2018, 10:30:00 PM;ETHUSDT;L;0;0;0;569.05;551.8231038040219
6/1/2018, 5:00:00 AM;ETHUSDT;S;0;0;0;572.92;590.0492965598253
6/1/2018, 11:30:00 AM;ETHUSDT;L;0;0;0;586.06;566.3182327250162
6/4/2018, 2:00:00 PM;ETHUSDT;S;0;0;0;592.46;608.5808984267969
6/6/2018, 3:00:00 PM;ETHUSDT;L;0;0;0;611.46;594.1983986883146
6/7/2018, 9:30:00 PM;ETHUSDT;S;0;0;0;606.5;606.2460361745909
6/14/2018, 9:00:00 PM;ETHUSDT;L;0;0;0;519.12;495.6062692696776
6/15/2018, 11:30:00 AM;ETHUSDT;S;0;0;0;493.58;500.95603237700396
6/16/2018, 1:00:00 PM;ETHUSDT;L;0;0;0;497.49;494.3578171804479
6/18/2018, 1:30:00 AM;ETHUSDT;S;0;0;0;493.89;505.0677443740643
6/18/2018, 6:30:00 PM;ETHUSDT;L;0;0;0;511;520.8454274776807
6/21/2018, 3:30:00 PM;ETHUSDT;S;0;0;0;532.44;476.0175408263846
6/25/2018, 4:30:00 PM;ETHUSDT;L;0;0;0;470.41;451.6873291458571
6/26/2018, 2:30:00 PM;ETHUSDT;S;0;0;0;450.14;440.9607507710806
6/30/2018, 1:30:00 AM;ETHUSDT;L;0;0;0;437.46;442.2573029453973
7/2/2018, 6:30:00 AM;ETHUSDT;S;0;0;0;448.87;461.1196306034308
7/2/2018, 3:30:00 PM;ETHUSDT;L;0;0;0;466.69;468.6649141401536
7/5/2018, 1:30:00 AM;ETHUSDT;S;0;0;0;466.02;478.61380869058064
7/5/2018, 1:30:00 PM;ETHUSDT;L;0;0;0;476;463.57237490089506
7/6/2018, 8:30:00 AM;ETHUSDT;S;0;0;0;462.57;468.5453720088677
7/6/2018, 3:00:00 PM;ETHUSDT;L;0;0;0;470.2;481.20838685347667
7/10/2018, 3:30:00 AM;ETHUSDT;S;0;0;0;470.89;446.0646408597354
7/13/2018, 4:00:00 AM;ETHUSDT;L;0;0;0;433.1;428.92682776593887
7/13/2018, 10:00:00 PM;ETHUSDT;S;0;0;0;429.33;436.72244954592736
7/14/2018, 6:00:00 PM;ETHUSDT;L;0;0;0;436.4;444.1675436713086
7/18/2018, 10:30:00 PM;ETHUSDT;S;0;0;0;473.9;483.67019254126046
7/19/2018, 3:00:00 PM;ETHUSDT;L;0;0;0;481.88;466.1610568579672
7/19/2018, 6:30:00 PM;ETHUSDT;S;0;0;0;467.01;458.8660810575762
7/21/2018, 9:00:00 PM;ETHUSDT;L;0;0;0;466.91;455.9364323750631
7/23/2018, 7:00:00 PM;ETHUSDT;S;0;0;0;456.04;462.7155075111435
7/24/2018, 8:00:00 AM;ETHUSDT;L;0;0;0;463.06;468.72607925357903
7/26/2018, 6:00:00 PM;ETHUSDT;S;0;0;0;475.57;469.18030485566914
7/29/2018, 2:00:00 AM;ETHUSDT;L;0;0;0;468.44;460.11455096334527
7/30/2018, 2:30:00 AM;ETHUSDT;S;0;0;0;462.18;414.81030100002965
8/4/2018, 1:00:00 AM;ETHUSDT;L;0;0;0;417.26;411.6044236736026
8/4/2018, 2:30:00 PM;ETHUSDT;S;0;0;0;411.79;409.2870619491461
8/7/2018, 1:30:00 AM;ETHUSDT;L;0;0;0;405.99;400.21306733453133
8/7/2018, 10:00:00 PM;ETHUSDT;S;0;0;0;394.84;359.365790849611
8/13/2018, 11:30:00 AM;ETHUSDT;L;0;0;0;319.98;310.0125202108327
8/13/2018, 6:00:00 PM;ETHUSDT;S;0;0;0;300.4;273.11378747740775
8/15/2018, 9:00:00 PM;ETHUSDT;L;0;0;0;297.59;278.3951714794222
8/16/2018, 2:00:00 AM;ETHUSDT;S;0;0;0;281.46;292.45140173498794
8/16/2018, 12:30:00 PM;ETHUSDT;L;0;0;0;292.37;303.9188407609563
8/18/2018, 5:30:00 PM;ETHUSDT;S;0;0;0;286.06;297.8108338520757
8/19/2018, 2:00:00 PM;ETHUSDT;L;0;0;0;301.76;294.3849851546014
8/20/2018, 10:30:00 AM;ETHUSDT;S;0;0;0;294.8;281.7251044036153
8/23/2018, 6:30:00 PM;ETHUSDT;L;0;0;0;277.68;277.214720577815
8/26/2018, 4:30:00 AM;ETHUSDT;S;0;0;0;272.94;276.1880817490278
8/26/2018, 4:30:00 PM;ETHUSDT;L;0;0;0;275.03;295.48428656961806
8/30/2018, 5:00:00 AM;ETHUSDT;S;0;0;0;286.01;286.4154776818125
9/1/2018, 7:00:00 AM;ETHUSDT;L;0;0;0;286.73;292.3284320233148
9/3/2018, 11:30:00 AM;ETHUSDT;S;0;0;0;286.74;239.45373540638116
9/11/2018, 1:30:00 AM;ETHUSDT;L;0;0;0;196.99;190.5145655190916
9/11/2018, 2:00:00 PM;ETHUSDT;S;0;0;0;190.66;180.9036251297318
9/13/2018, 12:30:00 PM;ETHUSDT;L;0;0;0;194.21;204.34309006179532
9/16/2018, 6:30:00 AM;ETHUSDT;S;0;0;0;212.2;221.830261696451
9/16/2018, 10:00:00 PM;ETHUSDT;L;0;0;0;222.13;213.7567417187378
9/17/2018, 4:00:00 PM;ETHUSDT;S;0;0;0;216.73;206.17193477766259
9/19/2018, 9:30:00 PM;ETHUSDT;L;0;0;0;209.81;234.68608236441702
9/23/2018, 11:00:00 PM;ETHUSDT;S;0;0;0;241.91;206.05425932017695
9/27/2018, 2:30:00 PM;ETHUSDT;L;0;0;0;218.49;220.6269721413382
9/28/2018, 9:30:00 PM;ETHUSDT;S;0;0;0;217.98;225.5325038189627
9/29/2018, 10:30:00 AM;ETHUSDT;L;0;0;0;225.88;228.3718084384935
10/1/2018, 1:30:00 PM;ETHUSDT;S;0;0;0;229.24;225.30645355362537
10/5/2018, 9:30:00 AM;ETHUSDT;L;0;0;0;221.24;223.9819679535346
10/6/2018, 8:30:00 PM;ETHUSDT;S;0;0;0;224.1;226.40721367678393
10/8/2018, 2:00:00 AM;ETHUSDT;L;0;0;0;226.26;228.0717269184422
10/10/2018, 7:00:00 AM;ETHUSDT;S;0;0;0;225.38;201.76904091954592
10/13/2018, 10:30:00 AM;ETHUSDT;L;0;0;0;199.99;198.61448648895146
10/15/2018, 1:30:00 AM;ETHUSDT;S;0;0;0;198.3;204.26048794448562
10/15/2018, 7:30:00 AM;ETHUSDT;L;0;0;0;209.93;217.72444312944754
10/17/2018, 11:30:00 AM;ETHUSDT;S;0;0;0;214.22;214.73196963863026
10/18/2018, 5:30:00 AM;ETHUSDT;L;0;0;0;214.87;210.8943781593426
10/18/2018, 2:00:00 PM;ETHUSDT;S;0;0;0;211.34;207.26148305397084
10/21/2018, 2:30:00 AM;ETHUSDT;L;0;0;0;209.05;208.00673579884565
10/22/2018, 10:30:00 AM;ETHUSDT;S;0;0;0;207.19;206.6033333717193
10/25/2018, 2:30:00 PM;ETHUSDT;L;0;0;0;204.32;204.1418418073305
10/26/2018, 9:00:00 PM;ETHUSDT;S;0;0;0;204.45;205.68436338726542
10/28/2018, 4:30:00 PM;ETHUSDT;L;0;0;0;205.13;201.7326387532061
10/29/2018, 1:30:00 PM;ETHUSDT;S;0;0;0;200.99;198.30048064600538
10/31/2018, 5:00:00 PM;ETHUSDT;L;0;0;0;199.6;199.35100041526144
11/4/2018, 3:00:00 AM;ETHUSDT;S;0;0;0;199.7;202.05475887112243
11/4/2018, 7:30:00 AM;ETHUSDT;L;0;0;0;201.53;210.4527362616946
11/8/2018, 1:00:00 PM;ETHUSDT;S;0;0;0;215.45;213.5845711448809
11/10/2018, 7:30:00 PM;ETHUSDT;L;0;0;0;214.47;211.11975295971098
11/11/2018, 1:00:00 AM;ETHUSDT;S;0;0;0;213.27;213.52513398632797
11/12/2018, 1:00:00 AM;ETHUSDT;L;0;0;0;212.6;211.0486741330386
11/12/2018, 11:30:00 PM;ETHUSDT;S;0;0;0;211.34;177.55331149329535
11/18/2018, 8:00:00 PM;ETHUSDT;L;0;0;0;181.3;176.84351462985194
11/19/2018, 2:30:00 AM;ETHUSDT;S;0;0;0;174.17;135.43936168280936
11/27/2018, 8:00:00 AM;ETHUSDT;L;0;0;0;109.94;116.90856113174507
11/30/2018, 11:30:00 AM;ETHUSDT;S;0;0;0;114.91;116.83973513184813
12/1/2018, 4:00:00 PM;ETHUSDT;L;0;0;0;118.55;115.84171828242624
12/3/2018, 4:00:00 AM;ETHUSDT;S;0;0;0;113.38;112.82182006353342
12/9/2018, 3:00:00 AM;ETHUSDT;L;0;0;0;91.12;91.49421616539497
12/10/2018, 7:30:00 AM;ETHUSDT;S;0;0;0;90.38;89.71140600616367
12/12/2018, 6:30:00 PM;ETHUSDT;L;0;0;0;89.91;88.23392186046172
12/13/2018, 6:00:00 AM;ETHUSDT;S;0;0;0;88.31;90.48821080998725
12/13/2018, 2:30:00 PM;ETHUSDT;L;0;0;0;90.15;87.58489484397965
12/13/2018, 9:00:00 PM;ETHUSDT;S;0;0;0;86.97;85.2993149268149
12/16/2018, 3:30:00 AM;ETHUSDT;L;0;0;0;87.1;84.7984882991349
12/22/2018, 9:00:00 PM;ETHUSDT;S;0;0;0;112.05;120.28317713036847
12/23/2018, 2:00:00 AM;ETHUSDT;L;0;0;0;122.81;138.78018270505316
12/25/2018, 7:00:00 AM;ETHUSDT;S;0;0;0;126.48;132.982572314008
12/26/2018, 2:30:00 AM;ETHUSDT;L;0;0;0;133.98;124.72733385411429
12/26/2018, 11:30:00 AM;ETHUSDT;S;0;0;0;126.27;121.0188223424358
12/28/2018, 5:30:00 PM;ETHUSDT;L;0;0;0;130.14;127.69692213944599
12/31/2018, 3:00:00 AM;ETHUSDT;S;0;0;0;134.94;136.98615025328883
12/31/2018, 4:00:00 PM;ETHUSDT;L;0;0;0;136.1;130.19197286514947
12/31/2018, 9:00:00 PM;ETHUSDT;S;0;0;0;131.03;134.12220227378825
1/1/2019, 8:30:00 AM;ETHUSDT;L;0;0;0;133.38;146.21904689425827
1/4/2019, 4:00:00 PM;ETHUSDT;S;0;0;0;145.97;152.98691088788013
1/4/2019, 10:30:00 PM;ETHUSDT;L;0;0;0;152.25;151.2976402138732
1/6/2019, 7:00:00 AM;ETHUSDT;S;0;0;0;150.69;156.10127118919763
1/6/2019, 6:30:00 PM;ETHUSDT;L;0;0;0;156.5;151.53925106346873
1/7/2019, 10:30:00 AM;ETHUSDT;S;0;0;0;150.56;150.5597501303639
1/10/2019, 2:00:00 AM;ETHUSDT;L;0;0;0;149.33;145.69757004959519
1/10/2019, 7:30:00 AM;ETHUSDT;S;0;0;0;144.43;122.87711568279428
1/12/2019, 7:30:00 PM;ETHUSDT;L;0;0;0;124.22;122.16160629309655
1/13/2019, 1:30:00 PM;ETHUSDT;S;0;0;0;122.04;116.47697402269317
1/14/2019, 5:00:00 PM;ETHUSDT;L;0;0;0;127.26;124.27895050056138
1/16/2019, 8:00:00 PM;ETHUSDT;S;0;0;0;121.24;120.30811548625329
1/19/2019, 11:30:00 AM;ETHUSDT;L;0;0;0;124.52;121.54845108217042
1/20/2019, 12:30:00 PM;ETHUSDT;S;0;0;0;121;118.39093540846531
1/22/2019, 3:30:00 PM;ETHUSDT;L;0;0;0;117.42;115.96249406598122
1/23/2019, 9:00:00 PM;ETHUSDT;S;0;0;0;115.7;117.0725614039028
1/26/2019, 9:00:00 AM;ETHUSDT;L;0;0;0;116.87;115.38283929412754
1/26/2019, 11:00:00 PM;ETHUSDT;S;0;0;0;115.48;103.76060775770648
1/30/2019, 2:00:00 PM;ETHUSDT;L;0;0;0;107.64;107.51193365630985
1/31/2019, 7:30:00 PM;ETHUSDT;S;0;0;0;105.95;106.84541647828797
2/1/2019, 12:30:00 PM;ETHUSDT;L;0;0;0;107.17;106.20170040203544
2/2/2019, 8:00:00 AM;ETHUSDT;S;0;0;0;106.22;108.26971575834591
2/2/2019, 1:00:00 PM;ETHUSDT;L;0;0;0;107.9;107.94237054115038
2/3/2019, 10:00:00 PM;ETHUSDT;S;0;0;0;106.71;108.42993341134118
2/4/2019, 10:00:00 AM;ETHUSDT;L;0;0;0;108.23;107.02265012182846
2/5/2019, 4:30:00 PM;ETHUSDT;S;0;0;0;107.1;105.65835715418649
2/8/2019, 4:30:00 AM;ETHUSDT;L;0;0;0;104.47;118.29913836873124
2/13/2019, 4:00:00 PM;ETHUSDT;S;0;0;0;121.78;124.15005786557822
2/14/2019, 3:30:00 AM;ETHUSDT;L;0;0;0;124.12;120.78986755037135
2/14/2019, 4:00:00 PM;ETHUSDT;S;0;0;0;121.18;123.1453512915018
2/16/2019, 2:00:00 AM;ETHUSDT;L;0;0;0;122.08;140.07251785665247
2/21/2019, 3:30:00 AM;ETHUSDT;S;0;0;0;146.26;147.15453813348367
2/22/2019, 3:30:00 AM;ETHUSDT;L;0;0;0;146.7;165.40618462771775
2/24/2019, 3:30:00 PM;ETHUSDT;S;0;0;0;142.06;138.75029775141743
2/27/2019, 4:00:00 AM;ETHUSDT;L;0;0;0;135.79;135.939288465226
2/27/2019, 8:30:00 PM;ETHUSDT;S;0;0;0;135.95;136.31024015441315
2/28/2019, 9:30:00 AM;ETHUSDT;L;0;0;0;136.35;134.92131015165808
3/2/2019, 5:30:00 AM;ETHUSDT;S;0;0;0;135.08;134.40981199624244
3/5/2019, 3:00:00 PM;ETHUSDT;L;0;0;0;134.74;135.53670531893135
3/8/2019, 3:00:00 AM;ETHUSDT;S;0;0;0;136.03;138.25195495887147
3/8/2019, 9:00:00 PM;ETHUSDT;L;0;0;0;138.23;133.78828147768735
3/8/2019, 11:30:00 PM;ETHUSDT;S;0;0;0;131.72;135.05195560420043
3/9/2019, 11:30:00 AM;ETHUSDT;L;0;0;0;137.76;134.9527625050179
3/10/2019, 7:30:00 AM;ETHUSDT;S;0;0;0;134.89;134.96137394220418
3/14/2019, 10:30:00 PM;ETHUSDT;L;0;0;0;131.98;137.99212861363486
3/18/2019, 7:00:00 AM;ETHUSDT;S;0;0;0;136.83;139.141313043831
3/19/2019, 7:30:00 AM;ETHUSDT;L;0;0;0;137.78;136.6271492040576
3/20/2019, 11:00:00 AM;ETHUSDT;S;0;0;0;136.49;138.48600662678666
3/20/2019, 11:30:00 PM;ETHUSDT;L;0;0;0;138.6;137.04837010200342
3/21/2019, 3:00:00 PM;ETHUSDT;S;0;0;0;137.65;135.78616310708128
3/24/2019, 12:00:00 AM;ETHUSDT;L;0;0;0;136.93;134.81785360079917
3/24/2019, 6:00:00 PM;ETHUSDT;S;0;0;0;136.21;134.51270081390297
3/27/2019, 3:00:00 AM;ETHUSDT;L;0;0;0;136.81;137.8746143712496
3/31/2019, 8:30:00 PM;ETHUSDT;S;0;0;0;140.69;142.92491422113005
4/1/2019, 8:30:00 AM;ETHUSDT;L;0;0;0;142.81;140.57469329597618
4/1/2019, 8:00:00 PM;ETHUSDT;S;0;0;0;141.24;144.1897909731219
4/2/2019, 7:00:00 AM;ETHUSDT;L;0;0;0;145.23;158.8705474464692
4/4/2019, 8:00:00 PM;ETHUSDT;S;0;0;0;153.73;161.47304011475558
4/5/2019, 3:30:00 PM;ETHUSDT;L;0;0;0;167.33;163.41789303841682
4/6/2019, 10:30:00 AM;ETHUSDT;S;0;0;0;162.31;166.7976606739453
4/6/2019, 6:00:00 PM;ETHUSDT;L;0;0;0;166.94;166.12714094661698
4/10/2019, 8:00:00 PM;ETHUSDT;S;0;0;0;178.75;160.2605887501403
4/14/2019, 2:00:00 AM;ETHUSDT;L;0;0;0;162.99;164.41812431297944
4/15/2019, 7:30:00 PM;ETHUSDT;S;0;0;0;161.5;162.58374059919237
4/16/2019, 10:00:00 AM;ETHUSDT;L;0;0;0;162.52;169.73425593118438
4/20/2019, 9:30:00 PM;ETHUSDT;S;0;0;0;172.57;168.72440373468172
4/23/2019, 6:30:00 AM;ETHUSDT;L;0;0;0;172.77;171.68563785597433
4/24/2019, 3:30:00 AM;ETHUSDT;S;0;0;0;166.81;165.4808934620988
4/28/2019, 2:30:00 AM;ETHUSDT;L;0;0;0;159.17;157.91345391640235
4/29/2019, 10:30:00 AM;ETHUSDT;S;0;0;0;157.8;157.81565595438815
4/30/2019, 2:00:00 PM;ETHUSDT;L;0;0;0;159.62;159.65260724825566
5/5/2019, 10:00:00 AM;ETHUSDT;S;0;0;0;162.8;164.36866198071462
5/6/2019, 2:00:00 PM;ETHUSDT;L;0;0;0;165.02;172.9308437086241
5/8/2019, 8:00:00 PM;ETHUSDT;S;0;0;0;168.85;172.09877483500088
5/10/2019, 4:00:00 AM;ETHUSDT;L;0;0;0;170.13;186.9240095629604
5/17/2019, 6:00:00 PM;ETHUSDT;S;0;0;0;229.78;240.43999103663398
5/19/2019, 7:00:00 AM;ETHUSDT;L;0;0;0;252.94;246.80635121862318
5/21/2019, 8:30:00 AM;ETHUSDT;S;0;0;0;249.11;259.18583828941894
5/21/2019, 11:00:00 PM;ETHUSDT;L;0;0;0;260.67;251.70784386377238
5/23/2019, 12:00:00 AM;ETHUSDT;S;0;0;0;243.01;243.85628314976654
5/24/2019, 5:00:00 PM;ETHUSDT;L;0;0;0;252.27;250.10698105535477
5/26/2019, 12:30:00 PM;ETHUSDT;S;0;0;0;247.31;252.48321117811835
5/26/2019, 9:30:00 PM;ETHUSDT;L;0;0;0;253.92;265.34205604893435
5/29/2019, 4:30:00 AM;ETHUSDT;S;0;0;0;266.85;271.1271001178506
5/29/2019, 3:30:00 PM;ETHUSDT;L;0;0;0;271.2;273.0881122808285
5/30/2019, 7:30:00 PM;ETHUSDT;S;0;0;0;268.29;258.4184133855164
6/1/2019, 3:00:00 AM;ETHUSDT;L;0;0;0;274.68;265.5099952374141
6/1/2019, 3:30:00 PM;ETHUSDT;S;0;0;0;267.46;272.6709420577874
6/2/2019, 10:00:00 AM;ETHUSDT;L;0;0;0;271.27;263.3399895996499
6/3/2019, 9:00:00 AM;ETHUSDT;S;0;0;0;263.33;244.8397521903944
6/6/2019, 4:30:00 AM;ETHUSDT;L;0;0;0;245.7;238.44704603049206
6/6/2019, 8:30:00 PM;ETHUSDT;S;0;0;0;236.46;245.51350733733418
6/7/2019, 2:00:00 AM;ETHUSDT;L;0;0;0;248.77;246.52529684409663
6/8/2019, 8:00:00 AM;ETHUSDT;S;0;0;0;247.17;235.24650779097442
6/10/2019, 9:00:00 PM;ETHUSDT;L;0;0;0;243.78;238.96950160280082
6/11/2019, 2:00:00 PM;ETHUSDT;S;0;0;0;239.64;246.84665275429427
6/11/2019, 11:30:00 PM;ETHUSDT;L;0;0;0;246.51;252.3757273676768
6/14/2019, 8:30:00 PM;ETHUSDT;S;0;0;0;255.46;262.27609400784155
6/15/2019, 12:00:00 AM;ETHUSDT;L;0;0;0;261.36;266.7139090176875
6/18/2019, 6:30:00 AM;ETHUSDT;S;0;0;0;270.42;268.20885804664573
6/19/2019, 9:00:00 AM;ETHUSDT;L;0;0;0;267.69;308.4038257886977
6/24/2019, 5:30:00 AM;ETHUSDT;S;0;0;0;303.74;313.22312098033484
6/25/2019, 7:00:00 AM;ETHUSDT;L;0;0;0;314.57;330.96831608056414
6/27/2019, 11:30:00 AM;ETHUSDT;S;0;0;0;304.5;308.4299614680623
6/29/2019, 8:00:00 PM;ETHUSDT;L;0;0;0;312.6;309.93236598851183
6/30/2019, 12:30:00 PM;ETHUSDT;S;0;0;0;306.99;291.4862883756828
7/3/2019, 4:00:00 AM;ETHUSDT;L;0;0;0;296.53;292.1771395660687
7/5/2019, 1:30:00 AM;ETHUSDT;S;0;0;0;283.31;293.2453263944937
7/5/2019, 1:00:00 PM;ETHUSDT;L;0;0;0;293.41;286.62205657861654
7/6/2019, 11:30:00 PM;ETHUSDT;S;0;0;0;285.96;293.5117538568363
7/7/2019, 2:00:00 PM;ETHUSDT;L;0;0;0;293.28;316.5845407252997
7/9/2019, 11:00:00 PM;ETHUSDT;S;0;0;0;304.42;313.74253419944785
7/10/2019, 5:00:00 AM;ETHUSDT;L;0;0;0;313.46;303.57280393753297
7/10/2019, 4:30:00 PM;ETHUSDT;S;0;0;0;303.6;270.4954627068783
7/13/2019, 8:00:00 PM;ETHUSDT;L;0;0;0;269.12;255.32973262407194
7/14/2019, 12:00:00 PM;ETHUSDT;S;0;0;0;242.29;224.71939923530596
7/18/2019, 5:00:00 PM;ETHUSDT;L;0;0;0;223.51;215.30633066026957
7/22/2019, 9:30:00 AM;ETHUSDT;S;0;0;0;224.9;219.1048547843689
7/25/2019, 12:00:00 AM;ETHUSDT;L;0;0;0;216.22;216.1390350970633
7/26/2019, 2:30:00 AM;ETHUSDT;S;0;0;0;215.96;219.6984034309723
7/26/2019, 9:30:00 PM;ETHUSDT;L;0;0;0;219.58;215.42637610287284
7/27/2019, 12:30:00 PM;ETHUSDT;S;0;0;0;210.08;210.68964106285935
7/29/2019, 10:00:00 PM;ETHUSDT;L;0;0;0;209.79;204.92606699220988
7/30/2019, 5:00:00 AM;ETHUSDT;S;0;0;0;206.29;211.30356179933682
7/30/2019, 5:30:00 PM;ETHUSDT;L;0;0;0;213.05;212.01690112438823
8/2/2019, 8:00:00 PM;ETHUSDT;S;0;0;0;216.82;220.13185067829016
8/3/2019, 4:30:00 AM;ETHUSDT;L;0;0;0;223.81;219.0498425917155
8/4/2019, 11:00:00 AM;ETHUSDT;S;0;0;0;218.27;222.3253597274256
8/5/2019, 1:00:00 AM;ETHUSDT;L;0;0;0;221.69;228.3908356793629
8/7/2019, 5:30:00 AM;ETHUSDT;S;0;0;0;226.28;211.9096003973004
8/11/2019, 6:30:00 PM;ETHUSDT;L;0;0;0;213.39;211.8125749465375
8/12/2019, 1:00:00 PM;ETHUSDT;S;0;0;0;212.16;186.21936109743928
8/17/2019, 2:30:00 PM;ETHUSDT;L;0;0;0;184.75;202.34132824782222
8/20/2019, 10:30:00 PM;ETHUSDT;S;0;0;0;195.87;189.4240227110677
8/23/2019, 9:00:00 AM;ETHUSDT;L;0;0;0;192.58;190.77753955127523
8/24/2019, 4:30:00 PM;ETHUSDT;S;0;0;0;187.69;191.15458365764226
8/25/2019, 3:00:00 PM;ETHUSDT;L;0;0;0;191.63;186.59077410486412
8/25/2019, 4:30:00 PM;ETHUSDT;S;0;0;0;187.37;190.84784295802118
8/27/2019, 6:30:00 PM;ETHUSDT;L;0;0;0;188.31;184.61940589548462
8/28/2019, 7:30:00 AM;ETHUSDT;S;0;0;0;185.52;168.6187904612404
8/31/2019, 7:00:00 PM;ETHUSDT;L;0;0;0;168.45;169.98127581018707
9/1/2019, 3:30:00 PM;ETHUSDT;S;0;0;0;169.26;171.67910139120795
9/2/2019, 12:00:00 PM;ETHUSDT;L;0;0;0;171;175.02917553913156
9/4/2019, 9:30:00 PM;ETHUSDT;S;0;0;0;176.53;175.2910097072101
9/6/2019, 1:30:00 PM;ETHUSDT;L;0;0;0;177.54;172.49239615341432
9/6/2019, 8:00:00 PM;ETHUSDT;S;0;0;0;171.32;171.76304570444108
9/7/2019, 4:30:00 PM;ETHUSDT;L;0;0;0;172.15;177.10752528726036
9/10/2019, 11:30:00 AM;ETHUSDT;S;0;0;0;180.7;182.78621878313814
9/11/2019, 2:30:00 AM;ETHUSDT;L;0;0;0;181.47;177.39853965803957
9/11/2019, 9:00:00 AM;ETHUSDT;S;0;0;0;178.3;178.78749893699418
9/12/2019, 9:30:00 PM;ETHUSDT;L;0;0;0;179.68;178.46793919310886
9/13/2019, 8:00:00 AM;ETHUSDT;S;0;0;0;178.94;180.8408921446903
9/14/2019, 12:00:00 AM;ETHUSDT;L;0;0;0;181.09;194.17746537461593
9/21/2019, 9:00:00 PM;ETHUSDT;S;0;0;0;215.86;195.11969184888176
9/27/2019, 12:00:00 PM;ETHUSDT;L;0;0;0;166.45;169.36288847290558
9/29/2019, 5:30:00 PM;ETHUSDT;S;0;0;0;165.22;172.50526773610582
9/30/2019, 4:00:00 PM;ETHUSDT;L;0;0;0;174.76;176.51991999586193
10/2/2019, 9:30:00 PM;ETHUSDT;S;0;0;0;176.61;176.44522735682813
10/4/2019, 7:00:00 PM;ETHUSDT;L;0;0;0;178.08;174.37760130373073
10/5/2019, 11:00:00 AM;ETHUSDT;S;0;0;0;174.67;177.01289946293448
10/6/2019, 2:30:00 AM;ETHUSDT;L;0;0;0;176.03;172.4538275111607
10/6/2019, 11:00:00 AM;ETHUSDT;S;0;0;0;172.31;173.00914345077337
10/7/2019, 12:30:00 PM;ETHUSDT;L;0;0;0;174.83;179.2956563131879
10/11/2019, 6:00:00 PM;ETHUSDT;S;0;0;0;184.46;182.8047080742507
10/13/2019, 8:30:00 PM;ETHUSDT;L;0;0;0;184.04;179.66186118189847
10/13/2019, 10:30:00 PM;ETHUSDT;S;0;0;0;180.6;184.08540313330025
10/14/2019, 9:00:00 AM;ETHUSDT;L;0;0;0;183.34;183.44040734244774
10/15/2019, 5:00:00 PM;ETHUSDT;S;0;0;0;182.07;172.66674740565531
10/18/2019, 8:30:00 PM;ETHUSDT;L;0;0;0;174.84;170.83913252365596
10/19/2019, 2:30:00 PM;ETHUSDT;S;0;0;0;171.85;173.05978666340695
10/20/2019, 5:00:00 PM;ETHUSDT;L;0;0;0;173.24;172.49096428557473
10/21/2019, 5:30:00 PM;ETHUSDT;S;0;0;0;173.41;160.63242272484922
10/25/2019, 3:30:00 PM;ETHUSDT;L;0;0;0;166.99;181.8254561538114
10/28/2019, 5:00:00 AM;ETHUSDT;S;0;0;0;184.53;186.31240125359943
10/29/2019, 6:30:00 AM;ETHUSDT;L;0;0;0;186.33;184.9588437082778
10/30/2019, 2:00:00 PM;ETHUSDT;S;0;0;0;183.4;183.86615604692636
11/1/2019, 10:00:00 PM;ETHUSDT;L;0;0;0;184.06;181.675734579298
11/3/2019, 11:30:00 AM;ETHUSDT;S;0;0;0;181.61;182.40344547882808
11/4/2019, 11:30:00 AM;ETHUSDT;L;0;0;0;182.82;183.20743442810718
11/7/2019, 3:30:00 PM;ETHUSDT;S;0;0;0;186.8;185.77588964120778
11/10/2019, 7:00:00 AM;ETHUSDT;L;0;0;0;188.08;188.02175061751197
11/12/2019, 12:30:00 AM;ETHUSDT;S;0;0;0;184.31;187.57782953437447
11/13/2019, 11:30:00 AM;ETHUSDT;L;0;0;0;187.64;185.92842649809305
11/14/2019, 7:30:00 AM;ETHUSDT;S;0;0;0;186.07;186.1728340966809
11/17/2019, 10:30:00 AM;ETHUSDT;L;0;0;0;182.99;182.82594676541038
11/18/2019, 1:30:00 PM;ETHUSDT;S;0;0;0;181.84;176.9350692341463
11/25/2019, 4:30:00 PM;ETHUSDT;L;0;0;0;148.94;143.96578942026687
11/26/2019, 7:30:00 PM;ETHUSDT;S;0;0;0;144.43;148.93370245739874
11/27/2019, 1:30:00 PM;ETHUSDT;L;0;0;0;148.24;150.03417537580395
11/29/2019, 10:30:00 PM;ETHUSDT;S;0;0;0;153.4;151.33832093760017
12/3/2019, 4:30:00 AM;ETHUSDT;L;0;0;0;149.04;146.18129183206833
12/3/2019, 11:30:00 AM;ETHUSDT;S;0;0;0;146.74;148.15311804737954
12/4/2019, 2:30:00 PM;ETHUSDT;L;0;0;0;150.24;145.8508891213752
12/4/2019, 10:30:00 PM;ETHUSDT;S;0;0;0;145.61;148.2166889089709
12/5/2019, 1:30:00 PM;ETHUSDT;L;0;0;0;148.35;147.06273301233844
12/7/2019, 10:30:00 PM;ETHUSDT;S;0;0;0;147.15;148.6728999830936
12/8/2019, 10:30:00 AM;ETHUSDT;L;0;0;0;148.19;148.8694953820172
12/9/2019, 5:30:00 PM;ETHUSDT;S;0;0;0;147.85;146.17612453109055
12/12/2019, 9:00:00 PM;ETHUSDT;L;0;0;0;145.05;142.93919046974688
12/13/2019, 9:30:00 AM;ETHUSDT;S;0;0;0;144.12;143.2101490343808
12/19/2019, 12:00:00 AM;ETHUSDT;L;0;0;0;133.75;127.6231749705592
12/19/2019, 7:30:00 AM;ETHUSDT;S;0;0;0;127.71;129.33774928801313
12/20/2019, 4:30:00 PM;ETHUSDT;L;0;0;0;127.61;126.5780802449256
12/21/2019, 11:00:00 AM;ETHUSDT;S;0;0;0;126.62;128.29576335828372
12/22/2019, 9:00:00 AM;ETHUSDT;L;0;0;0;129.3;129.58715046126486
12/23/2019, 10:30:00 PM;ETHUSDT;S;0;0;0;126.82;129.60252919407574
12/26/2019, 6:30:00 PM;ETHUSDT;L;0;0;0;128.46;126.89489908353671
12/26/2019, 11:30:00 PM;ETHUSDT;S;0;0;0;125.16;126.65351395866605
12/28/2019, 1:30:00 AM;ETHUSDT;L;0;0;0;126.75;132.31279847124554
12/31/2019, 4:30:00 PM;ETHUSDT;S;0;0;0;130.33;130.60817262929888
1/1/2020, 6:00:00 PM;ETHUSDT;L;0;0;0;132.86;130.29298597660633
1/2/2020, 12:00:00 AM;ETHUSDT;S;0;0;0;130.28;129.01905398813096
1/3/2020, 10:00:00 AM;ETHUSDT;L;0;0;0;132.2;134.46829558941812
1/8/2020, 3:30:00 PM;ETHUSDT;S;0;0;0;141.66;139.3750438844562
1/10/2020, 5:30:00 PM;ETHUSDT;L;0;0;0;141.69;141.9661939338531
1/13/2020, 4:00:00 AM;ETHUSDT;S;0;0;0;142.95;145.02884548457078
1/14/2020, 2:00:00 AM;ETHUSDT;L;0;0;0;145.37;160.75499983386408
1/16/2020, 11:00:00 PM;ETHUSDT;S;0;0;0;163.4;170.24911069808516
1/17/2020, 7:00:00 AM;ETHUSDT;L;0;0;0;169.99;165.14173190761616
1/19/2020, 12:30:00 PM;ETHUSDT;S;0;0;0;166.97;167.47317786899123
1/21/2020, 2:30:00 PM;ETHUSDT;L;0;0;0;168.19;165.0785048844421
1/21/2020, 9:00:00 PM;ETHUSDT;S;0;0;0;165.13;169.8251037787466
1/21/2020, 10:30:00 PM;ETHUSDT;L;0;0;0;169.6;167.28997019958666
1/23/2020, 2:30:00 AM;ETHUSDT;S;0;0;0;166.95;162.13126899723463
1/25/2020, 9:30:00 PM;ETHUSDT;L;0;0;0;160.82;165.53253513059502
1/30/2020, 4:30:00 AM;ETHUSDT;S;0;0;0;172.85;177.190469964457
1/30/2020, 3:00:00 PM;ETHUSDT;L;0;0;0;177.12;180.6588208655586
2/2/2020, 2:00:00 AM;ETHUSDT;S;0;0;0;181.62;185.97863381913223
2/2/2020, 8:00:00 AM;ETHUSDT;L;0;0;0;186.04;186.79787928007448
2/4/2020, 10:30:00 AM;ETHUSDT;S;0;0;0;186.2;189.55174253269294
2/5/2020, 1:30:00 AM;ETHUSDT;L;0;0;0;189.57;213.2722226959095
2/10/2020, 10:30:00 AM;ETHUSDT;S;0;0;0;217.01;223.77668909535245
2/11/2020, 12:30:00 AM;ETHUSDT;L;0;0;0;224.51;218.25058148972235
2/11/2020, 9:00:00 AM;ETHUSDT;S;0;0;0;218.62;224.34308370647932
2/11/2020, 5:00:00 PM;ETHUSDT;L;0;0;0;228.82;266.6376003349975
2/15/2020, 6:00:00 PM;ETHUSDT;S;0;0;0;267.03;260.9566394637635
2/18/2020, 2:30:00 AM;ETHUSDT;L;0;0;0;268.98;271.6858874812495
2/20/2020, 1:00:00 AM;ETHUSDT;S;0;0;0;258.44;263.5252856545116
2/22/2020, 1:00:00 AM;ETHUSDT;L;0;0;0;265.32;257.09913419545245
2/22/2020, 7:30:00 AM;ETHUSDT;S;0;0;0;258.36;264.5475172640976
2/23/2020, 5:00:00 AM;ETHUSDT;L;0;0;0;265.62;267.11328476088846
2/24/2020, 10:30:00 PM;ETHUSDT;S;0;0;0;260.5;230.57718169903717
2/28/2020, 9:00:00 PM;ETHUSDT;L;0;0;0;222.57;221.53165981630053
2/29/2020, 3:30:00 PM;ETHUSDT;S;0;0;0;221.64;227.24595704666325
3/2/2020, 2:00:00 PM;ETHUSDT;L;0;0;0;224.06;226.04326644675956
3/4/2020, 4:00:00 PM;ETHUSDT;S;0;0;0;222.92;227.63138974505307
3/5/2020, 7:00:00 AM;ETHUSDT;L;0;0;0;228.89;227.40842388516202
3/8/2020, 7:30:00 AM;ETHUSDT;S;0;0;0;228.69;203.40421966802077
3/11/2020, 3:00:00 AM;ETHUSDT;L;0;0;0;202.24;194.7870136388472
3/11/2020, 11:30:00 AM;ETHUSDT;S;0;0;0;195.52;106.10315230769822
3/15/2020, 12:00:00 PM;ETHUSDT;L;0;0;0;126.37;120.59722064803326
3/16/2020, 1:30:00 AM;ETHUSDT;S;0;0;0;122.06;113.86364173228678
3/18/2020, 5:00:00 PM;ETHUSDT;L;0;0;0;115.79;135.7473652819307
3/22/2020, 12:30:00 AM;ETHUSDT;S;0;0;0;132.87;130.74299850939298
3/23/2020, 1:30:00 PM;ETHUSDT;L;0;0;0;130.63;133.00642786813052
3/26/2020, 3:30:00 AM;ETHUSDT;S;0;0;0;135.22;138.57205444152933
3/27/2020, 12:30:00 AM;ETHUSDT;L;0;0;0;139.06;134.89421195376985
3/27/2020, 11:30:00 AM;ETHUSDT;S;0;0;0;135.9;131.21230942786045
3/30/2020, 7:30:00 AM;ETHUSDT;L;0;0;0;129.31;131.08237418314167
4/1/2020, 3:30:00 PM;ETHUSDT;S;0;0;0;131.33;133.0374274691644
4/2/2020, 1:30:00 AM;ETHUSDT;L;0;0;0;134.21;138.45738917384622
4/4/2020, 10:00:00 PM;ETHUSDT;S;0;0;0;142.85;145.72939733730126
4/6/2020, 6:30:00 AM;ETHUSDT;L;0;0;0;145.88;173.96771040464841
4/9/2020, 7:00:00 AM;ETHUSDT;S;0;0;0;169.82;160.07247150828903
4/12/2020, 11:30:00 AM;ETHUSDT;L;0;0;0;158.12;158.39568440525844
4/13/2020, 2:30:00 AM;ETHUSDT;S;0;0;0;154.23;157.28799469526075
4/13/2020, 11:30:00 PM;ETHUSDT;L;0;0;0;157.81;156.1763419679001
4/16/2020, 12:30:00 AM;ETHUSDT;S;0;0;0;155.4;154.78843398245266
4/16/2020, 9:30:00 AM;ETHUSDT;L;0;0;0;165.35;182.8601043575973
4/20/2020, 6:00:00 PM;ETHUSDT;S;0;0;0;179.38;173.02722708003827
4/22/2020, 4:00:00 PM;ETHUSDT;L;0;0;0;180.1;179.31399928075655
4/27/2020, 3:30:00 PM;ETHUSDT;S;0;0;0;192.97;196.9467778741075
4/28/2020, 1:00:00 PM;ETHUSDT;L;0;0;0;196.5;224.90328443455257
5/1/2020, 8:30:00 PM;ETHUSDT;S;0;0;0;211.3;213.89197502906717
5/2/2020, 4:30:00 PM;ETHUSDT;L;0;0;0;212.9;211.87103125523097
5/3/2020, 2:00:00 PM;ETHUSDT;S;0;0;0;214.04;205.44272084116727
5/6/2020, 5:30:00 AM;ETHUSDT;L;0;0;0;205.12;204.57587085645847
5/7/2020, 12:30:00 AM;ETHUSDT;S;0;0;0;205.24;208.29117336657214
5/7/2020, 2:30:00 PM;ETHUSDT;L;0;0;0;203.94;207.84537223110436
5/10/2020, 2:00:00 AM;ETHUSDT;S;0;0;0;210.09;190.2071345292316
5/12/2020, 7:30:00 AM;ETHUSDT;L;0;0;0;188.72;197.20498812712108
5/15/2020, 9:30:00 PM;ETHUSDT;S;0;0;0;194.96;200.42971381622485
5/16/2020, 6:30:00 AM;ETHUSDT;L;0;0;0;200.07;209.24142241940322
5/20/2020, 6:00:00 AM;ETHUSDT;S;0;0;0;212.9;200.30097896766944
5/23/2020, 10:00:00 PM;ETHUSDT;L;0;0;0;207.13;205.93923377862976
5/24/2020, 6:30:00 PM;ETHUSDT;S;0;0;0;202.08;207.6599009655775
5/27/2020, 4:00:00 AM;ETHUSDT;L;0;0;0;201.27;204.88514604636921
6/2/2020, 5:00:00 PM;ETHUSDT;S;0;0;0;234.14;237.7126736237236
6/3/2020, 12:30:00 PM;ETHUSDT;L;0;0;0;239.83;239.5015550617422
6/4/2020, 11:30:00 AM;ETHUSDT;S;0;0;0;240.54;245.49491782429766
6/5/2020, 11:00:00 AM;ETHUSDT;L;0;0;0;246.36;240.0011651464287
6/5/2020, 11:00:00 PM;ETHUSDT;S;0;0;0;241.69;244.50643985127945
6/6/2020, 2:30:00 PM;ETHUSDT;L;0;0;0;243.26;239.2150914493266
6/7/2020, 2:00:00 PM;ETHUSDT;S;0;0;0;238.9;241.78811390928445
6/7/2020, 10:00:00 PM;ETHUSDT;L;0;0;0;242.12;238.61925038204575
6/9/2020, 6:30:00 AM;ETHUSDT;S;0;0;0;242.55;246.93999385264559
6/10/2020, 9:00:00 PM;ETHUSDT;L;0;0;0;245.29;245.23061229115947
6/11/2020, 3:30:00 PM;ETHUSDT;S;0;0;0;241.51;233.8986607237719
6/13/2020, 9:00:00 PM;ETHUSDT;L;0;0;0;237.44;234.60149893526926
6/14/2020, 12:30:00 PM;ETHUSDT;S;0;0;0;236.33;227.83821927252734
6/17/2020, 2:00:00 AM;ETHUSDT;L;0;0;0;235.31;230.41912521566306
6/17/2020, 10:30:00 PM;ETHUSDT;S;0;0;0;230.8;231.7672373334271
6/21/2020, 1:00:00 AM;ETHUSDT;L;0;0;0;229.38;227.5695596578192
6/22/2020, 1:00:00 AM;ETHUSDT;S;0;0;0;228.24;231.8125597709608
6/22/2020, 4:00:00 AM;ETHUSDT;L;0;0;0;233.36;243.83492917094256
6/24/2020, 4:30:00 PM;ETHUSDT;S;0;0;0;236.65;234.93153338233512
6/27/2020, 9:00:00 AM;ETHUSDT;L;0;0;0;230.63;227.3731609775568
6/27/2020, 6:00:00 PM;ETHUSDT;S;0;0;0;227.55;223.6279406839743
6/29/2020, 11:30:00 PM;ETHUSDT;L;0;0;0;228.44;224.39803157462867
6/30/2020, 7:00:00 PM;ETHUSDT;S;0;0;0;226.01;228.54208721664173
7/1/2020, 11:00:00 AM;ETHUSDT;L;0;0;0;227.86;228.47681282846156
7/2/2020, 6:30:00 PM;ETHUSDT;S;0;0;0;225.03;228.5011609844017
7/4/2020, 8:00:00 PM;ETHUSDT;L;0;0;0;229.95;226.82294624673096
7/5/2020, 10:00:00 AM;ETHUSDT;S;0;0;0;226.67;228.0500626924442
7/6/2020, 4:30:00 AM;ETHUSDT;L;0;0;0;228.4;237.01935165520902
7/10/2020, 6:30:00 AM;ETHUSDT;S;0;0;0;239.32;241.13356783742023
7/12/2020, 5:30:00 AM;ETHUSDT;L;0;0;0;241.16;237.37815482493852
7/12/2020, 9:30:00 PM;ETHUSDT;S;0;0;0;237.7;242.13994515025254
7/13/2020, 2:00:00 AM;ETHUSDT;L;0;0;0;242.76;240.36038266962427
7/13/2020, 9:30:00 PM;ETHUSDT;S;0;0;0;238.74;241.50613257554537
7/14/2020, 8:00:00 PM;ETHUSDT;L;0;0;0;241;238.26780129845486
7/15/2020, 12:00:00 PM;ETHUSDT;S;0;0;0;239.24;234.5733378659494
7/18/2020, 11:30:00 AM;ETHUSDT;L;0;0;0;235.09;233.7733035246505
7/19/2020, 2:30:00 PM;ETHUSDT;S;0;0;0;233.6;236.59616785644613
7/20/2020, 12:30:00 AM;ETHUSDT;L;0;0;0;237.49;235.7974837652163
7/28/2020, 12:00:00 PM;ETHUSDT;S;0;0;0;310.22;321.0022820931226
7/29/2020, 12:00:00 PM;ETHUSDT;L;0;0;0;320.85;314.3568988272586
7/30/2020, 9:00:00 AM;ETHUSDT;S;0;0;0;319.2;326.13277400681204
7/30/2020, 8:30:00 PM;ETHUSDT;L;0;0;0;327.74;362.42980562194373
8/4/2020, 1:00:00 AM;ETHUSDT;S;0;0;0;383.68;392.7408562158073
8/5/2020, 12:00:00 PM;ETHUSDT;L;0;0;0;393.2;392.8031721922443
8/6/2020, 12:30:00 PM;ETHUSDT;S;0;0;0;395.84;380.6565072901088
8/9/2020, 2:00:00 AM;ETHUSDT;L;0;0;0;397.05;387.8772546382825
8/9/2020, 12:00:00 PM;ETHUSDT;S;0;0;0;389.36;396.9083874867787
8/10/2020, 4:30:00 AM;ETHUSDT;L;0;0;0;396.2;387.46313490124936
8/11/2020, 3:00:00 PM;ETHUSDT;S;0;0;0;386.9;383.87950110940983
8/13/2020, 1:30:00 PM;ETHUSDT;L;0;0;0;395.27;440.95178865785624
8/16/2020, 1:30:00 PM;ETHUSDT;S;0;0;0;421.14;429.2930085010538
8/16/2020, 6:00:00 PM;ETHUSDT;L;0;0;0;430.33;428.1083173591018
8/18/2020, 6:00:00 AM;ETHUSDT;S;0;0;0;429.93;410.307579678457
8/20/2020, 6:30:00 PM;ETHUSDT;L;0;0;0;416.87;407.3014161845597
8/21/2020, 12:30:00 PM;ETHUSDT;S;0;0;0;407.64;391.31330836653393
8/24/2020, 1:30:00 AM;ETHUSDT;L;0;0;0;392.29;399.491081247059
8/25/2020, 10:30:00 AM;ETHUSDT;S;0;0;0;390.5;387.084088397184
8/28/2020, 12:00:00 AM;ETHUSDT;L;0;0;0;382.59;407.3394359073318
9/2/2020, 5:00:00 PM;ETHUSDT;S;0;0;0;430.93;448.5043231053006
9/3/2020, 4:00:00 AM;ETHUSDT;L;0;0;0;448.39;424.21551133064685
9/3/2020, 9:30:00 AM;ETHUSDT;S;0;0;0;433.05;372.9347531294091
9/7/2020, 9:30:00 PM;ETHUSDT;L;0;0;0;349.58;336.4482618459606
9/8/2020, 12:30:00 PM;ETHUSDT;S;0;0;0;336.1;345.3893135734908
9/9/2020, 12:00:00 PM;ETHUSDT;L;0;0;0;346.51;362.11825822428
9/12/2020, 8:30:00 AM;ETHUSDT;S;0;0;0;367.76;377.3379749334465
9/12/2020, 8:30:00 PM;ETHUSDT;L;0;0;0;379.66;377.24221525112677
9/13/2020, 6:00:00 PM;ETHUSDT;S;0;0;0;360.76;370.20401107554994
9/14/2020, 10:30:00 AM;ETHUSDT;L;0;0;0;368.55;370.0092679550001
9/15/2020, 11:00:00 AM;ETHUSDT;S;0;0;0;370.28;367.3212002700046
9/16/2020, 2:30:00 PM;ETHUSDT;L;0;0;0;366.5;382.3967371963793
9/19/2020, 9:30:00 AM;ETHUSDT;S;0;0;0;379.28;387.0323169880546
9/19/2020, 2:00:00 PM;ETHUSDT;L;0;0;0;386.71;380.2236368687865
9/20/2020, 11:00:00 AM;ETHUSDT;S;0;0;0;379.81;375.3088889937203
9/23/2020, 6:30:00 PM;ETHUSDT;L;0;0;0;339.19;329.24750038923736
9/23/2020, 9:30:00 PM;ETHUSDT;S;0;0;0;329.34;330.84076862467276
9/24/2020, 6:00:00 PM;ETHUSDT;L;0;0;0;344.49;340.18299317940716
9/29/2020, 4:00:00 AM;ETHUSDT;S;0;0;0;353.75;359.6742781342253
9/30/2020, 1:30:00 AM;ETHUSDT;L;0;0;0;360.16;352.90861224593704
9/30/2020, 11:30:00 AM;ETHUSDT;S;0;0;0;354.1;359.84513694927784
10/1/2020, 3:30:00 AM;ETHUSDT;L;0;0;0;359.64;358.4047715886201
10/1/2020, 6:30:00 PM;ETHUSDT;S;0;0;0;354.28;346.1452569888042
10/3/2020, 9:00:00 PM;ETHUSDT;L;0;0;0;350.27;344.64079924777377
10/4/2020, 4:00:00 AM;ETHUSDT;S;0;0;0;345.33;351.2148897604159
10/4/2020, 8:30:00 PM;ETHUSDT;L;0;0;0;351.6;348.1401504366845
10/6/2020, 1:30:00 PM;ETHUSDT;S;0;0;0;345.02;343.15785908237416
10/8/2020, 5:00:00 PM;ETHUSDT;L;0;0;0;349.46;377.588520255023
10/12/2020, 6:30:00 AM;ETHUSDT;S;0;0;0;373.75;378.2235258631058
10/12/2020, 4:00:00 PM;ETHUSDT;L;0;0;0;383.71;381.95449799511925
10/14/2020, 6:00:00 PM;ETHUSDT;S;0;0;0;375.82;381.70331938579324
10/15/2020, 10:30:00 PM;ETHUSDT;L;0;0;0;379.37;369.8342462981158
10/16/2020, 6:30:00 AM;ETHUSDT;S;0;0;0;367.3;370.1383568764293
10/18/2020, 8:30:00 AM;ETHUSDT;L;0;0;0;368.87;376.99173930186873
10/20/2020, 1:30:00 PM;ETHUSDT;S;0;0;0;369.61;377.2359774097558
10/21/2020, 5:30:00 AM;ETHUSDT;L;0;0;0;377.92;412.8060815222249
10/24/2020, 11:00:00 PM;ETHUSDT;S;0;0;0;411.33;394.5119252878083
10/27/2020, 6:00:00 PM;ETHUSDT;L;0;0;0;409.56;398.1719394924561
10/28/2020, 8:30:00 AM;ETHUSDT;S;0;0;0;396.86;391.84472470281514
10/31/2020, 12:30:00 AM;ETHUSDT;L;0;0;0;383.6;391.34233078086294
11/2/2020, 10:00:00 AM;ETHUSDT;S;0;0;0;384.38;382.8075196685267
11/4/2020, 5:30:00 PM;ETHUSDT;L;0;0;0;397.41;462.7560513883425
11/9/2020, 4:00:00 AM;ETHUSDT;S;0;0;0;452.75;458.9673523829144
11/10/2020, 2:00:00 AM;ETHUSDT;L;0;0;0;445.1;454.2044029594605
11/13/2020, 8:30:00 AM;ETHUSDT;S;0;0;0;459.37;472.50713181648564
11/13/2020, 3:00:00 PM;ETHUSDT;L;0;0;0;471.29;463.51158375392924
11/14/2020, 9:30:00 AM;ETHUSDT;S;0;0;0;460.71;453.18973905471006
11/16/2020, 3:30:00 PM;ETHUSDT;L;0;0;0;459.88;467.9435176673488
11/19/2020, 11:00:00 PM;ETHUSDT;S;0;0;0;472.47;482.5928469406407
11/20/2020, 4:30:00 AM;ETHUSDT;L;0;0;0;487.53;527.8305600442284
11/25/2020, 5:30:00 PM;ETHUSDT;S;0;0;0;591.59;525.6836363764088
11/28/2020, 1:30:00 PM;ETHUSDT;L;0;0;0;518;586.3072389449147
12/2/2020, 4:30:00 AM;ETHUSDT;S;0;0;0;584;601.0267824197863
12/3/2020, 11:30:00 AM;ETHUSDT;L;0;0;0;610.65;600.4399327045387
12/4/2020, 11:30:00 AM;ETHUSDT;S;0;0;0;592.34;587.9100928308419
12/5/2020, 9:30:00 AM;ETHUSDT;L;0;0;0;591.5;589.0983903730701
12/6/2020, 11:00:00 AM;ETHUSDT;S;0;0;0;590.97;601.3448720606644
12/7/2020, 9:00:00 AM;ETHUSDT;L;0;0;0;600.69;586.9735438353792
12/7/2020, 7:30:00 PM;ETHUSDT;S;0;0;0;587.54;559.6029661165294
12/12/2020, 1:00:00 PM;ETHUSDT;L;0;0;0;559.51;579.3515888663097
12/15/2020, 3:30:00 PM;ETHUSDT;S;0;0;0;584.99;594.0995071632042
12/16/2020, 12:00:00 PM;ETHUSDT;L;0;0;0;594.53;628.8929938572354
12/19/2020, 2:00:00 PM;ETHUSDT;S;0;0;0;654.9;613.7505379101216
12/23/2020, 8:30:00 PM;ETHUSDT;L;0;0;0;609.66;570.6134901979922
12/23/2020, 11:30:00 PM;ETHUSDT;S;0;0;0;581.9;597.7114140974255
12/25/2020, 9:30:00 AM;ETHUSDT;L;0;0;0;619.48;